Record_ID,Timestamp,Soil_Moisture_%,Atmospheric_Temperature_C,Atmospheric_Humidity_%
1,2026-01-01 00:00,35.32,23.6,87.07
2,2026-01-01 01:00,31.43,24.34,86.62
3,2026-01-01 02:00,29.65,24.48,86.76
4,2026-01-01 03:00,29.7,24.95,87.31
5,2026-01-01 04:00,27.21,26.13,85.0
6,2026-01-01 05:00,27.54,25.89,85.63
7,2026-01-01 06:00,26.23,27.63,81.26
8,2026-01-01 07:00,25.03,27.59,80.34
9,2026-01-01 08:00,22.93,30.15,74.83
10,2026-01-01 09:00,19.56,30.52,75.26
11,2026-01-01 10:00,14.29,31.36,68.06
12,2026-01-01 11:00,14.0,30.94,69.08
13,2026-01-01 12:00,13.21,31.97,65.58
14,2026-01-01 13:00,11.93,30.69,69.49
15,2026-01-01 14:00,11.89,31.11,69.91
16,2026-01-01 15:00,11.78,30.69,70.01
17,2026-01-01 16:00,10.92,29.23,69.94
18,2026-01-01 17:00,13.46,29.12,71.26
19,2026-01-01 18:00,14.4,27.23,73.6
20,2026-01-01 19:00,15.42,27.83,76.34
21,2026-01-01 20:00,14.09,26.94,77.71
22,2026-01-01 21:00,14.07,24.79,84.87
23,2026-01-01 22:00,15.36,24.6,84.91
24,2026-01-01 23:00,19.45,24.72,86.41
25,2026-01-02 00:00,19.57,24.53,85.38
26,2026-01-02 01:00,20.4,23.66,91.02
27,2026-01-02 02:00,20.6,24.59,89.52
28,2026-01-02 03:00,19.75,25.05,83.89
29,2026-01-02 04:00,21.8,25.66,87.42
30,2026-01-02 05:00,21.84,26.98,84.5
31,2026-01-02 06:00,21.44,28.75,82.03
32,2026-01-02 07:00,21.36,28.28,82.34
33,2026-01-02 08:00,21.85,30.77,74.92
34,2026-01-02 09:00,20.58,30.46,77.82
35,2026-01-02 10:00,18.44,30.97,70.4
36,2026-01-02 11:00,17.25,32.72,69.96
37,2026-01-02 12:00,16.96,30.2,73.59
38,2026-01-02 13:00,15.35,31.36,67.9
39,2026-01-02 14:00,12.98,32.59,64.1
40,2026-01-02 15:00,11.5,31.74,66.54
41,2026-01-02 16:00,11.39,30.08,67.99
42,2026-01-02 17:00,12.18,28.26,75.86
43,2026-01-02 18:00,13.72,29.73,72.26
44,2026-01-02 19:00,15.11,26.25,78.73
45,2026-01-02 20:00,16.32,27.48,74.12
46,2026-01-02 21:00,18.34,25.89,84.54
47,2026-01-02 22:00,17.9,24.92,83.32
48,2026-01-02 23:00,21.42,24.65,85.54
49,2026-01-03 00:00,20.81,23.97,88.83
50,2026-01-03 01:00,22.92,24.25,89.0
51,2026-01-03 02:00,21.92,25.93,85.84
52,2026-01-03 03:00,23.06,25.85,87.53
53,2026-01-03 04:00,23.7,25.83,88.93
54,2026-01-03 05:00,24.12,27.74,85.46
55,2026-01-03 06:00,23.96,28.44,85.48
56,2026-01-03 07:00,24.51,29.02,79.66
57,2026-01-03 08:00,24.22,30.23,77.34
58,2026-01-03 09:00,22.33,30.59,71.21
59,2026-01-03 10:00,21.12,31.71,70.27
60,2026-01-03 11:00,19.34,32.36,67.22
61,2026-01-03 12:00,17.78,31.94,66.08
62,2026-01-03 13:00,16.66,31.92,66.76
63,2026-01-03 14:00,15.59,31.91,66.45
64,2026-01-03 15:00,14.72,31.68,66.21
65,2026-01-03 16:00,12.67,30.19,74.86
66,2026-01-03 17:00,12.6,29.76,70.65
67,2026-01-03 18:00,15.28,29.62,71.89
68,2026-01-03 19:00,15.57,27.0,78.21
69,2026-01-03 20:00,16.48,25.91,80.52
70,2026-01-03 21:00,19.47,25.75,77.43
71,2026-01-03 22:00,19.81,24.89,87.78
72,2026-01-03 23:00,20.64,24.83,91.75
73,2026-01-04 00:00,22.68,23.45,87.89
74,2026-01-04 01:00,23.4,25.11,89.22
75,2026-01-04 02:00,25.81,23.89,88.71
76,2026-01-04 03:00,25.38,25.94,82.15
77,2026-01-04 04:00,25.98,27.38,87.69
78,2026-01-04 05:00,24.19,27.53,80.51
79,2026-01-04 06:00,24.32,28.33,82.05
80,2026-01-04 07:00,22.32,28.94,76.91
81,2026-01-04 08:00,19.11,29.38,78.81
82,2026-01-04 09:00,20.06,30.74,74.84
83,2026-01-04 10:00,18.42,31.62,73.2
84,2026-01-04 11:00,18.84,31.43,69.15
85,2026-01-04 12:00,20.81,32.77,67.93
86,2026-01-04 13:00,19.37,31.92,68.95
87,2026-01-04 14:00,19.97,31.4,72.66
88,2026-01-04 15:00,19.24,29.96,69.51
89,2026-01-04 16:00,15.22,30.7,66.05
90,2026-01-04 17:00,15.59,27.89,74.03
91,2026-01-04 18:00,14.36,28.48,71.88
92,2026-01-04 19:00,16.36,25.83,79.71
93,2026-01-04 20:00,17.12,27.02,79.17
94,2026-01-04 21:00,17.35,26.47,79.27
95,2026-01-04 22:00,16.61,24.55,83.02
96,2026-01-04 23:00,18.22,24.64,85.52
97,2026-01-05 00:00,22.23,23.89,88.11
98,2026-01-05 01:00,22.66,24.54,85.91
99,2026-01-05 02:00,23.33,24.83,84.43
100,2026-01-05 03:00,25.46,25.52,89.7
101,2026-01-05 04:00,25.88,26.98,81.91
102,2026-01-05 05:00,26.37,26.36,84.95
103,2026-01-05 06:00,26.77,27.6,85.54
104,2026-01-05 07:00,25.62,27.78,81.63
105,2026-01-05 08:00,24.64,30.01,76.33
106,2026-01-05 09:00,24.08,29.36,73.31
107,2026-01-05 10:00,24.18,32.29,72.79
108,2026-01-05 11:00,20.58,30.31,73.21
109,2026-01-05 12:00,17.3,33.0,66.07
110,2026-01-05 13:00,13.73,33.13,65.72
111,2026-01-05 14:00,13.26,31.54,65.32
112,2026-01-05 15:00,11.99,30.39,71.26
113,2026-01-05 16:00,11.77,30.14,72.45
114,2026-01-05 17:00,11.81,29.13,71.22
115,2026-01-05 18:00,11.84,28.44,72.68
116,2026-01-05 19:00,13.0,28.22,75.08
117,2026-01-05 20:00,16.23,25.61,77.67
118,2026-01-05 21:00,17.83,25.15,81.95
119,2026-01-05 22:00,20.2,25.07,81.95
120,2026-01-05 23:00,22.69,24.12,86.65
121,2026-01-06 00:00,22.76,24.02,84.38
122,2026-01-06 01:00,24.98,23.7,85.53
123,2026-01-06 02:00,28.62,24.55,89.62
124,2026-01-06 03:00,27.86,25.18,82.53
125,2026-01-06 04:00,27.15,25.89,81.42
126,2026-01-06 05:00,25.77,27.04,81.11
127,2026-01-06 06:00,25.63,27.28,84.71
128,2026-01-06 07:00,25.91,28.19,77.98
129,2026-01-06 08:00,25.61,29.19,76.92
130,2026-01-06 09:00,23.39,30.97,74.38
131,2026-01-06 10:00,20.9,31.82,67.3
132,2026-01-06 11:00,19.36,32.23,68.69
133,2026-01-06 12:00,17.83,30.67,70.13
134,2026-01-06 13:00,17.2,30.71,66.77
135,2026-01-06 14:00,17.2,29.48,70.47
136,2026-01-06 15:00,17.61,29.93,70.53
137,2026-01-06 16:00,17.99,29.11,68.5
138,2026-01-06 17:00,17.51,27.54,72.27
139,2026-01-06 18:00,17.95,27.65,73.52
140,2026-01-06 19:00,18.09,27.4,74.64
141,2026-01-06 20:00,20.26,24.82,81.33
142,2026-01-06 21:00,20.91,25.88,77.32
143,2026-01-06 22:00,22.27,24.2,82.84
144,2026-01-06 23:00,24.95,22.65,88.63
145,2026-01-07 00:00,25.79,24.49,88.92
146,2026-01-07 01:00,28.85,23.79,86.58
147,2026-01-07 02:00,28.08,22.96,89.72
148,2026-01-07 03:00,27.09,22.95,85.1
149,2026-01-07 04:00,26.57,26.28,81.21
150,2026-01-07 05:00,25.7,25.61,85.27
151,2026-01-07 06:00,24.01,28.32,76.51
152,2026-01-07 07:00,25.13,28.45,77.65
153,2026-01-07 08:00,23.21,29.35,72.64
154,2026-01-07 09:00,22.85,29.63,74.99
155,2026-01-07 10:00,21.15,30.53,72.51
156,2026-01-07 11:00,21.66,30.89,69.43
157,2026-01-07 12:00,18.99,31.02,67.13
158,2026-01-07 13:00,18.05,31.43,65.05
159,2026-01-07 14:00,16.52,29.22,71.87
160,2026-01-07 15:00,15.16,29.39,71.18
161,2026-01-07 16:00,14.32,29.07,69.67
162,2026-01-07 17:00,12.84,29.13,72.53
163,2026-01-07 18:00,13.36,26.18,77.16
164,2026-01-07 19:00,16.0,25.92,76.93
165,2026-01-07 20:00,16.93,25.11,79.24
166,2026-01-07 21:00,18.8,25.36,78.54
167,2026-01-07 22:00,20.7,23.48,84.36
168,2026-01-07 23:00,23.25,23.33,83.44
169,2026-01-08 00:00,25.27,24.29,85.11
170,2026-01-08 01:00,26.77,24.0,87.86
171,2026-01-08 02:00,27.83,23.93,88.52
172,2026-01-08 03:00,26.51,23.69,87.71
173,2026-01-08 04:00,28.42,25.14,85.88
174,2026-01-08 05:00,28.35,26.15,84.86
175,2026-01-08 06:00,26.66,26.3,79.52
176,2026-01-08 07:00,26.2,27.03,81.6
177,2026-01-08 08:00,26.17,29.28,75.38
178,2026-01-08 09:00,24.05,30.4,70.87
179,2026-01-08 10:00,23.26,29.88,68.9
180,2026-01-08 11:00,20.96,31.45,68.13
181,2026-01-08 12:00,19.24,31.5,62.41
182,2026-01-08 13:00,19.74,30.69,66.69
183,2026-01-08 14:00,18.45,30.88,66.34
184,2026-01-08 15:00,16.54,29.31,68.44
185,2026-01-08 16:00,17.42,29.75,70.57
186,2026-01-08 17:00,20.64,27.09,77.89
187,2026-01-08 18:00,19.65,27.0,72.53
188,2026-01-08 19:00,20.11,26.16,74.76
189,2026-01-08 20:00,22.87,25.71,75.3
190,2026-01-08 21:00,21.69,25.24,77.72
191,2026-01-08 22:00,22.84,23.34,82.82
192,2026-01-08 23:00,27.06,21.34,89.29
193,2026-01-09 00:00,26.65,22.23,88.51
194,2026-01-09 01:00,29.69,23.57,86.91
195,2026-01-09 02:00,30.66,23.64,87.15
196,2026-01-09 03:00,31.0,23.74,85.47
197,2026-01-09 04:00,31.3,24.75,86.73
198,2026-01-09 05:00,32.83,25.43,85.86
199,2026-01-09 06:00,31.93,25.99,87.07
200,2026-01-09 07:00,31.26,27.2,85.54
201,2026-01-09 08:00,27.4,29.61,76.96
202,2026-01-09 09:00,24.28,29.51,73.52
203,2026-01-09 10:00,24.15,28.79,75.16
204,2026-01-09 11:00,21.63,30.68,69.76
205,2026-01-09 12:00,19.47,29.84,69.94
206,2026-01-09 13:00,17.72,30.25,69.43
207,2026-01-09 14:00,17.21,29.85,68.12
208,2026-01-09 15:00,17.5,29.76,69.82
209,2026-01-09 16:00,18.24,27.46,72.98
210,2026-01-09 17:00,18.25,28.14,69.42
211,2026-01-09 18:00,18.51,27.55,73.82
212,2026-01-09 19:00,20.27,26.04,78.23
213,2026-01-09 20:00,20.62,24.85,81.16
214,2026-01-09 21:00,22.21,23.9,86.19
215,2026-01-09 22:00,24.58,23.29,84.93
216,2026-01-09 23:00,25.32,22.43,90.44
217,2026-01-10 00:00,27.16,22.16,90.56
218,2026-01-10 01:00,27.93,23.24,91.09
219,2026-01-10 02:00,29.9,23.72,86.91
220,2026-01-10 03:00,30.38,24.46,88.85
221,2026-01-10 04:00,31.04,24.25,87.69
222,2026-01-10 05:00,29.08,25.71,85.73
223,2026-01-10 06:00,27.16,26.83,81.61
224,2026-01-10 07:00,26.97,27.58,77.26
225,2026-01-10 08:00,24.63,29.21,76.99
226,2026-01-10 09:00,21.2,28.74,76.76
227,2026-01-10 10:00,20.25,30.14,74.75
228,2026-01-10 11:00,20.04,30.05,72.96
229,2026-01-10 12:00,18.13,31.29,69.34
230,2026-01-10 13:00,19.43,30.08,71.19
231,2026-01-10 14:00,17.62,29.8,68.65
232,2026-01-10 15:00,16.51,27.96,74.55
233,2026-01-10 16:00,15.46,27.78,70.18
234,2026-01-10 17:00,13.92,28.14,71.02
235,2026-01-10 18:00,15.74,26.89,75.77
236,2026-01-10 19:00,15.68,26.3,78.22
237,2026-01-10 20:00,17.15,24.79,82.98
238,2026-01-10 21:00,19.38,23.09,88.41
239,2026-01-10 22:00,22.63,23.21,87.07
240,2026-01-10 23:00,24.92,23.31,87.26
241,2026-01-11 00:00,26.77,24.51,89.42
242,2026-01-11 01:00,27.46,22.36,98.0
243,2026-01-11 02:00,30.08,23.27,89.12
244,2026-01-11 03:00,30.2,24.44,85.88
245,2026-01-11 04:00,28.57,25.33,86.58
246,2026-01-11 05:00,28.54,25.36,86.17
247,2026-01-11 06:00,27.22,26.5,85.98
248,2026-01-11 07:00,28.25,26.65,82.15
249,2026-01-11 08:00,28.04,28.39,84.2
250,2026-01-11 09:00,26.72,28.77,76.18
251,2026-01-11 10:00,24.58,29.38,80.44
252,2026-01-11 11:00,22.89,31.07,74.38
253,2026-01-11 12:00,21.96,30.04,71.93
254,2026-01-11 13:00,18.79,31.23,69.52
255,2026-01-11 14:00,15.48,30.28,69.25
256,2026-01-11 15:00,16.01,29.17,69.46
257,2026-01-11 16:00,15.41,30.25,73.88
258,2026-01-11 17:00,17.45,27.66,76.61
259,2026-01-11 18:00,20.59,26.72,77.14
260,2026-01-11 19:00,21.14,25.97,78.54
261,2026-01-11 20:00,21.31,25.55,79.1
262,2026-01-11 21:00,24.75,23.55,85.36
263,2026-01-11 22:00,24.34,24.3,85.36
264,2026-01-11 23:00,25.15,23.2,90.78
265,2026-01-12 00:00,25.3,24.32,84.78
266,2026-01-12 01:00,26.87,24.66,83.68
267,2026-01-12 02:00,27.87,22.54,92.19
268,2026-01-12 03:00,25.29,25.04,81.73
269,2026-01-12 04:00,24.99,24.87,88.58
270,2026-01-12 05:00,24.59,26.04,83.77
271,2026-01-12 06:00,25.38,26.6,85.16
272,2026-01-12 07:00,23.83,29.2,77.79
273,2026-01-12 08:00,22.84,29.16,77.75
274,2026-01-12 09:00,21.23,28.84,78.73
275,2026-01-12 10:00,21.3,29.88,71.79
276,2026-01-12 11:00,20.46,30.85,74.39
277,2026-01-12 12:00,20.11,29.9,70.75
278,2026-01-12 13:00,18.49,30.44,68.87
279,2026-01-12 14:00,16.93,30.49,68.28
280,2026-01-12 15:00,16.49,29.7,66.23
281,2026-01-12 16:00,15.43,28.69,75.78
282,2026-01-12 17:00,14.59,27.26,78.4
283,2026-01-12 18:00,15.31,26.95,78.18
284,2026-01-12 19:00,16.63,25.27,81.18
285,2026-01-12 20:00,21.0,26.43,80.59
286,2026-01-12 21:00,21.06,23.61,85.67
287,2026-01-12 22:00,22.87,24.98,85.77
288,2026-01-12 23:00,21.7,23.27,86.91
289,2026-01-13 00:00,22.42,24.9,87.26
290,2026-01-13 01:00,24.64,24.5,89.31
291,2026-01-13 02:00,25.87,23.11,89.64
292,2026-01-13 03:00,25.17,25.11,89.54
293,2026-01-13 04:00,26.48,25.76,90.92
294,2026-01-13 05:00,26.64,27.21,83.55
295,2026-01-13 06:00,26.63,28.87,80.23
296,2026-01-13 07:00,26.61,27.99,82.19
297,2026-01-13 08:00,24.49,29.01,80.41
298,2026-01-13 09:00,25.01,29.78,75.76
299,2026-01-13 10:00,22.06,31.18,73.91
300,2026-01-13 11:00,19.2,31.41,68.17
